;Date;Region;Year;Quarter;Amount
0;15-Jul-2019;South;2019;Q3;1741089.0
1;19-Jul-2019;East;2019;Q3;514989.0
2;26-Jul-2019;East;2019;Q3;230071.0
3;11-Aug-2019;North;2019;Q3;1148912.0
4;15-Aug-2019;West;2019;Q3;405991.0
5;22-Aug-2019;South;2019;Q3;191708.0
6;24-Aug-2019;South;2019;Q3;1757908.0
7;15-Sep-2019;East;2019;Q3;1209282.0
8;17-Sep-2019;West;2019;Q3;1581662.0
9;16-Oct-2019;South;2019;Q4;376043.0
10;25-Oct-2019;East;2019;Q4;1978299.0
11;5-Nov-2019;South;2019;Q4;914785.0
12;19-Nov-2019;East;2019;Q4;1711222.0
13;27-Nov-2019;West;2019;Q4;1257231.0
14;25-Nov-2019;South;2019;Q4;407874.0
15;29-Nov-2019;North;2019;Q4;589765.0
16;25-Dec-2019;North;2019;Q4;485286.0
17;27-Dec-2019;North;2019;Q4;467422.0
18;30-Dec-2019;East;2019;Q4;1838220.0
19;15-Jan-2020;South;2020;Q1;1958181.0
20;25-Jan-2020;North;2020;Q1;1370705.0
21;29-Jan-2020;South;2020;Q1;1683109.0
22;1-Jan-2020;East;2020;Q1;564927.0
23;2-Jan-2020;South;2020;Q1;239424.0
24;2-Jan-2020;East;2020;Q1;774500.0
25;2-Jan-2020;South;2020;Q1;1096869.0
26;3-Jan-2020;South;2020;Q1;1862557.0
27;9-Jan-2020;North;2020;Q1;1437017.0
28;9-Jan-2020;South;2020;Q1;1848717.0
29;11-Jan-2020;East;2020;Q1;1933018.0
30;11-Jan-2020;South;2020;Q1;1987908.0
31;12-Jan-2020;West;2020;Q1;1264058.0
32;12-Jan-2020;West;2020;Q1;1750150.0
33;13-Jan-2020;South;2020;Q1;1495289.0
34;13-Jan-2020;East;2020;Q1;391699.0
35;16-Jan-2020;North;2020;Q1;877778.0
36;16-Jan-2020;North;2020;Q1;1366272.0
37;16-Jan-2020;North;2020;Q1;1766994.0
38;16-Jan-2020;South;2020;Q1;1718743.0
39;17-Jan-2020;East;2020;Q1;538621.0
40;23-Jan-2020;West;2020;Q1;184900.0
41;24-Jan-2020;South;2020;Q1;1598219.0
42;26-Jan-2020;North;2020;Q1;969025.0
43;26-Jan-2020;South;2020;Q1;1988680.0
44;28-Jan-2020;East;2020;Q1;1520170.0
45;1-Feb-2020;West;2020;Q1;756093.0
46;2-Feb-2020;South;2020;Q1;1635914.0
47;3-Feb-2020;East;2020;Q1;1704629.0
48;10-Feb-2020;South;2020;Q1;925137.0
49;10-Feb-2020;West;2020;Q1;1246174.0
50;14-Feb-2020;South;2020;Q1;576222.0
51;15-Feb-2020;North;2020;Q1;953291.0
52;17-Feb-2020;East;2020;Q1;1593038.0
53;19-Feb-2020;South;2020;Q1;1784478.0
54;21-Feb-2020;South;2020;Q1;1493958.0
55;22-Feb-2020;East;2020;Q1;1509042.0
56;25-Feb-2020;South;2020;Q1;1445703.0
57;25-Feb-2020;East;2020;Q1;1219313.0
58;26-Feb-2020;North;2020;Q1;1378458.0
59;26-Feb-2020;South;2020;Q1;812267.0
60;27-Feb-2020;East;2020;Q1;1473799.0
61;27-Feb-2020;North;2020;Q1;1085955.0
62;1-Mar-2020;West;2020;Q1;1822041.0
63;2-Mar-2020;East;2020;Q1;942170.0
64;4-Mar-2020;South;2020;Q1;1771632.0
65;4-Mar-2020;South;2020;Q1;790962.0
66;4-Mar-2020;South;2020;Q1;1148983.0
67;7-Mar-2020;West;2020;Q1;1233631.0
68;11-Mar-2020;South;2020;Q1;1107658.0
69;13-Mar-2020;South;2020;Q1;1498380.0
70;15-Mar-2020;South;2020;Q1;226445.0
71;16-Mar-2020;South;2020;Q1;407754.0
72;17-Mar-2020;South;2020;Q1;322835.0
73;17-Mar-2020;East;2020;Q1;667093.0
74;19-Mar-2020;South;2020;Q1;1257419.0
75;19-Mar-2020;West;2020;Q1;1289709.0
76;21-Mar-2020;North;2020;Q1;344951.0
77;22-Mar-2020;North;2020;Q1;1326360.0
78;24-Mar-2020;North;2020;Q1;1863118.0
79;3-Apr-2020;North;2020;Q1;1153948.0
80;3-Apr-2020;North;2020;Q1;752850.0
81;5-Apr-2020;North;2020;Q1;1649721.0
82;5-Apr-2020;North;2020;Q1;1014259.0
83;5-Apr-2020;North;2020;Q1;849261.0
84;6-Apr-2020;North;2020;Q1;1716438.0
85;9-Apr-2020;North;2020;Q1;1862963.0
86;10-Apr-2020;North;2020;Q1;1454907.0
87;10-Apr-2020;North;2020;Q1;207300.0
88;11-Apr-2020;North;2020;Q1;536469.0
89;11-Apr-2020;South;2020;Q1;1230645.0
90;12-Apr-2020;North;2020;Q1;153011.0
91;12-Apr-2020;North;2020;Q1;1697736.0
92;14-Apr-2020;North;2020;Q1;281074.0
93;18-Apr-2020;North;2020;Q1;1125999.0
94;18-Apr-2020;South;2020;Q1;1541895.0
95;20-Apr-2020;South;2020;Q1;1607715.0
96;24-Apr-2020;South;2020;Q1;824127.0
97;26-Apr-2020;South;2020;Q1;500931.0
98;26-Apr-2020;South;2020;Q1;343248.0
99;26-Apr-2020;South;2020;Q1;238885.0
100;27-Apr-2020;South;2020;Q1;223896.0
101;27-Apr-2020;South;2020;Q1;
102;28-Apr-2020;South;2020;Q1;949953.0
103;30-Apr-2020;South;2020;Q1;1122767.0
104;1-May-2020;South;2020;Q2;1506717.0
105;2-May-2020;South;2020;Q2;842817.0
106;4-May-2020;South;2020;Q2;1389693.0
107;5-May-2020;South;2020;Q2;563256.0
108;5-May-2020;West;2020;Q2;1893271.0
109;5-May-2020;South;2020;Q2;688034.0
110;6-May-2020;South;2020;Q2;1612228.0
111;8-May-2020;South;2020;Q2;350572.0
112;8-May-2020;South;2020;Q2;1083441.0
113;8-May-2020;South;2020;Q2;1945477.0
114;10-May-2020;South;2020;Q2;340954.0
115;13-May-2020;South;2020;Q2;166600.0
116;14-May-2020;South;2020;Q2;1675768.0
117;16-May-2020;South;2020;Q2;140361.0
118;20-May-2020;South;2020;Q2;1671316.0
119;21-May-2020;South;2020;Q2;1968717.0
120;22-May-2020;West;2020;Q2;393879.0
121;23-May-2020;South;2020;Q2;1489957.0
122;24-May-2020;South;2020;Q2;156636.0
123;24-May-2020;West;2020;Q2;343043.0
124;26-May-2020;West;2020;Q2;153941.0
125;27-May-2020;West;2020;Q2;1725603.0
126;28-May-2020;North;2020;Q2;661441.0
127;29-May-2020;West;2020;Q2;1225116.0
128;1-Jun-2020;West;2020;Q2;1542829.0
129;6-Jun-2020;West;2020;Q2;1297497.0
130;6-Jun-2020;West;2020;Q2;1950030.0
131;7-Jun-2020;North;2020;Q2;1438207.0
132;9-Jun-2020;West;2020;Q2;1122487.0
133;10-Jun-2020;West;2020;Q2;297267.0
134;10-Jun-2020;West;2020;Q2;364278.0
135;13-Jun-2020;West;2020;Q2;731138.0
136;16-Jun-2020;West;2020;Q2;1558700.0
137;19-Jun-2020;South;2020;Q2;130451.0
138;19-Jun-2020;West;2020;Q2;1798005.0
139;19-Jun-2020;West;2020;Q2;956910.0
140;20-Jun-2020;North;2020;Q2;1973431.0
141;26-Jun-2020;North;2020;Q2;922236.0
142;28-Jun-2020;North;2020;Q2;945055.0
143;2-Jul-2020;North;2020;Q3;1500441.0
144;2-Jul-2020;North;2020;Q3;1246308.0
145;7-Jul-2020;North;2020;Q3;1009099.0
146;8-Jul-2020;North;2020;Q3;466491.0
147;9-Jul-2020;South;2020;Q3;1193385.0
148;10-Jul-2020;North;2020;Q3;625849.0
149;19-Jul-2020;North;2020;Q3;796233.0
150;20-Jul-2020;North;2020;Q3;1820445.0
151;22-Jul-2020;North;2020;Q3;1813892.0
152;23-Jul-2020;South;2020;Q3;164169.0
153;29-Jul-2020;North;2020;Q3;512670.0
154;1-Aug-2020;South;2020;Q3;651065.0
155;2-Aug-2020;South;2020;Q3;718481.0
156;6-Aug-2020;South;2020;Q3;1447439.0
157;7-Aug-2020;South;2020;Q3;
158;9-Aug-2020;North;2020;Q3;1045298.0
159;9-Aug-2020;South;2020;Q3;892802.0
160;10-Aug-2020;South;2020;Q3;423820.0
161;11-Aug-2020;South;2020;Q3;1046614.0
162;15-Aug-2020;South;2020;Q3;1043729.0
163;15-Aug-2020;South;2020;Q3;1922617.0
164;16-Aug-2020;South;2020;Q3;1423294.0
165;17-Aug-2020;East;2020;Q3;1852090.0
166;21-Aug-2020;East;2020;Q3;1725787.0
167;22-Aug-2020;East;2020;Q3;1441497.0
168;24-Aug-2020;East;2020;Q3;833493.0
169;27-Aug-2020;East;2020;Q3;521666.0
170;30-Aug-2020;East;2020;Q3;1577468.0
171;1-Sep-2020;East;2020;Q3;1067087.0
172;2-Sep-2020;East;2020;Q3;1317235.0
173;3-Sep-2020;South;2020;Q3;1643988.0
174;6-Sep-2020;East;2020;Q3;1924235.0
175;8-Sep-2020;East;2020;Q3;573419.0
176;8-Sep-2020;North;2020;Q3;1091814.0
177;9-Sep-2020;North;2020;Q3;1897685.0
178;9-Sep-2020;North;2020;Q3;1216179.0
179;9-Sep-2020;North;2020;Q3;460067.0
180;9-Sep-2020;North;2020;Q3;1343979.0
181;9-Sep-2020;North;2020;Q3;138386.0
182;11-Sep-2020;North;2020;Q3;1288399.0
183;15-Sep-2020;North;2020;Q3;1715151.0
184;16-Sep-2020;South;2020;Q3;719167.0
185;16-Sep-2020;East;2020;Q3;1033758.0
186;18-Sep-2020;West;2020;Q3;135507.0
187;20-Sep-2020;West;2020;Q3;767926.0
188;24-Sep-2020;West;2020;Q3;844112.0
189;24-Sep-2020;West;2020;Q3;957901.0
190;24-Sep-2020;North;2020;Q3;1480514.0
191;25-Sep-2020;North;2020;Q3;258649.0
192;26-Sep-2020;North;2020;Q3;207556.0
193;27-Sep-2020;North;2020;Q3;1872294.0
194;27-Sep-2020;North;2020;Q3;627691.0
195;28-Sep-2020;South;2020;Q3;763764.0
196;28-Sep-2020;South;2020;Q3;1450975.0
197;29-Sep-2020;South;2020;Q3;666926.0
198;30-Sep-2020;South;2020;Q3;607578.0
199;7-Oct-2020;South;2020;Q4;263657.0
200;7-Oct-2020;South;2020;Q4;459636.0
201;8-Oct-2020;South;2020;Q4;1857433.0
202;8-Oct-2020;South;2020;Q4;613065.0
203;8-Oct-2020;South;2020;Q4;320320.0
204;9-Oct-2020;South;2020;Q4;1984820.0
205;9-Oct-2020;South;2020;Q4;1915029.0
206;9-Oct-2020;South;2020;Q4;1185740.0
207;10-Oct-2020;South;2020;Q4;190228.0
208;12-Oct-2020;South;2020;Q4;854982.0
209;12-Oct-2020;South;2020;Q4;1796239.0
210;14-Oct-2020;South;2020;Q4;1543421.0
211;15-Oct-2020;South;2020;Q4;885070.0
212;18-Oct-2020;North;2020;Q4;1430813.0
213;22-Oct-2020;North;2020;Q4;1493035.0
214;24-Oct-2020;North;2020;Q4;627891.0
215;24-Oct-2020;North;2020;Q4;1299104.0
216;24-Oct-2020;North;2020;Q4;187737.0
217;24-Oct-2020;East;2020;Q4;1495932.0
218;26-Oct-2020;East;2020;Q4;1262023.0
219;28-Oct-2020;East;2020;Q4;502801.0
220;28-Oct-2020;East;2020;Q4;394071.0
221;29-Oct-2020;East;2020;Q4;804016.0
222;29-Oct-2020;East;2020;Q4;215991.0
223;30-Oct-2020;East;2020;Q4;1570949.0
224;31-Oct-2020;East;2020;Q4;1220013.0
225;1-Nov-2020;East;2020;Q4;1469859.0
226;4-Nov-2020;South;2020;Q4;1353627.0
227;5-Nov-2020;South;2020;Q4;556058.0
228;11-Nov-2020;South;2020;Q4;853969.0
229;13-Nov-2020;South;2020;Q4;963277.0
230;14-Nov-2020;South;2020;Q4;
231;14-Nov-2020;South;2020;Q4;1617203.0
232;15-Nov-2020;South;2020;Q4;1011247.0
233;17-Nov-2020;South;2020;Q4;1204392.0
234;19-Nov-2020;South;2020;Q4;1274084.0
235;25-Nov-2020;South;2020;Q4;1892281.0
236;25-Nov-2020;South;2020;Q4;835570.0
237;29-Nov-2020;East;2020;Q4;666449.0
238;29-Nov-2020;East;2020;Q4;892634.0
239;5-Dec-2020;East;2020;Q4;695542.0
240;7-Dec-2020;East;2020;Q4;1702209.0
241;7-Dec-2020;East;2020;Q4;1791580.0
242;8-Dec-2020;East;2020;Q4;347363.0
243;10-Dec-2020;East;2020;Q4;827703.0
244;12-Dec-2020;East;2020;Q4;523321.0
245;13-Dec-2020;South;2020;Q4;382282.0
246;14-Dec-2020;South;2020;Q4;1194439.0
247;14-Dec-2020;East;2020;Q4;1491139.0
248;15-Dec-2020;East;2020;Q4;474648.0
249;17-Dec-2020;East;2020;Q4;1892480.0
250;17-Dec-2020;East;2020;Q4;1145606.0
251;18-Dec-2020;North;2020;Q4;1464846.0
252;20-Dec-2020;East;2020;Q4;1948107.0
253;21-Dec-2020;South;2020;Q4;1428796.0
254;22-Dec-2020;South;2020;Q4;940449.0
255;28-Dec-2020;South;2020;Q4;477764.0
256;28-Dec-2020;South;2020;Q4;1318642.0
257;3-Jan-2021;South;2021;Q1;1704016.0
258;4-Jan-2021;South;2021;Q1;544052.0
259;4-Jan-2021;South;2021;Q1;1353314.0
260;6-Jan-2021;South;2021;Q1;700516.0
261;7-Jan-2021;South;2021;Q1;375582.0
262;9-Jan-2021;North;2021;Q1;1288724.0
263;12-Jan-2021;South;2021;Q1;1109243.0
264;15-Jan-2021;North;2021;Q1;244146.0
265;15-Jan-2021;North;2021;Q1;1346386.0
266;16-Jan-2021;North;2021;Q1;679070.0
267;16-Jan-2021;North;2021;Q1;917273.0
268;16-Jan-2021;North;2021;Q1;971479.0
269;18-Jan-2021;North;2021;Q1;221856.0
270;19-Jan-2021;North;2021;Q1;1297881.0
271;21-Jan-2021;North;2021;Q1;1306013.0
272;23-Jan-2021;North;2021;Q1;1721224.0
273;24-Jan-2021;North;2021;Q1;1179789.0
274;25-Jan-2021;North;2021;Q1;301911.0
275;26-Jan-2021;North;2021;Q1;1309375.0
276;26-Jan-2021;North;2021;Q1;1156815.0
277;27-Jan-2021;North;2021;Q1;1273013.0
278;27-Jan-2021;North;2021;Q1;152871.0
279;28-Jan-2021;North;2021;Q1;1741256.0
280;31-Jan-2021;North;2021;Q1;965094.0
281;1-Feb-2021;North;2021;Q1;1368470.0
282;5-Feb-2021;North;2021;Q1;613889.0
283;5-Feb-2021;North;2021;Q1;
284;7-Feb-2021;South;2021;Q1;1279544.0
285;7-Feb-2021;South;2021;Q1;922087.0
286;7-Feb-2021;South;2021;Q1;1747049.0
287;14-Feb-2021;South;2021;Q1;1626404.0
288;17-Feb-2021;South;2021;Q1;1788068.0
289;17-Feb-2021;South;2021;Q1;716115.0
290;19-Feb-2021;North;2021;Q1;965181.0
291;22-Feb-2021;East;2021;Q1;1919674.0
292;23-Feb-2021;South;2021;Q1;710460.0
293;24-Feb-2021;South;2021;Q1;1159050.0
294;24-Feb-2021;East;2021;Q1;1553537.0
295;2-Mar-2021;East;2021;Q1;867425.0
296;2-Mar-2021;East;2021;Q1;867440.0
297;3-Mar-2021;East;2021;Q1;449075.0
298;4-Mar-2021;East;2021;Q1;1832972.0
299;5-Mar-2021;East;2021;Q1;1813286.0
300;7-Mar-2021;East;2021;Q1;1490096.0
301;10-Mar-2021;East;2021;Q1;317729.0
302;13-Mar-2021;East;2021;Q1;550392.0
303;13-Mar-2021;East;2021;Q1;391155.0
304;14-Mar-2021;East;2021;Q1;1019828.0
305;17-Mar-2021;South;2021;Q1;653125.0
306;19-Mar-2021;South;2021;Q1;653310.0
307;22-Mar-2021;South;2021;Q1;704506.0
308;25-Mar-2021;South;2021;Q1;310953.0
309;26-Mar-2021;South;2021;Q1;237671.0
310;28-Mar-2021;South;2021;Q1;923332.0
311;28-Mar-2021;North;2021;Q1;552682.0
312;30-Mar-2021;South;2021;Q1;845410.0
313;1-Apr-2021;South;2021;Q1;473634.0
314;2-Apr-2021;South;2021;Q1;742897.0
315;2-Apr-2021;South;2021;Q1;1931479.0
316;3-Apr-2021;South;2021;Q1;342611.0
317;4-Apr-2021;South;2021;Q1;1208575.0
318;5-Apr-2021;South;2021;Q1;1057025.0
319;6-Apr-2021;South;2021;Q1;1721828.0
320;7-Apr-2021;South;2021;Q1;635510.0
321;9-Apr-2021;East;2021;Q1;741781.0
322;10-Apr-2021;East;2021;Q1;775601.0
323;10-Apr-2021;East;2021;Q1;750053.0
324;10-Apr-2021;East;2021;Q1;772157.0
325;10-Apr-2021;East;2021;Q1;1616031.0
326;12-Apr-2021;East;2021;Q1;501597.0
327;14-Apr-2021;East;2021;Q1;342694.0
328;14-Apr-2021;North;2021;Q1;1471375.0
329;15-Apr-2021;East;2021;Q1;1447654.0
330;15-Apr-2021;North;2021;Q1;1138550.0
331;16-Apr-2021;North;2021;Q1;126557.0
332;17-Apr-2021;North;2021;Q1;1338180.0
333;19-Apr-2021;North;2021;Q1;1482245.0
334;22-Apr-2021;North;2021;Q1;1483781.0
335;23-Apr-2021;North;2021;Q1;1291426.0
336;24-Apr-2021;North;2021;Q1;494077.0
337;26-Apr-2021;North;2021;Q1;244270.0
338;27-Apr-2021;North;2021;Q1;202651.0
339;28-Apr-2021;West;2021;Q1;1194863.0
340;28-Apr-2021;North;2021;Q1;985177.0
341;29-Apr-2021;North;2021;Q1;1612172.0
342;29-Apr-2021;North;2021;Q1;362308.0
343;30-Apr-2021;North;2021;Q1;1637925.0
344;2-May-2021;North;2021;Q2;1112967.0
345;4-May-2021;North;2021;Q2;236582.0
346;5-May-2021;North;2021;Q2;690844.0
347;8-May-2021;East;2021;Q2;1755000.0
348;8-May-2021;North;2021;Q2;402346.0
349;9-May-2021;North;2021;Q2;1960974.0
350;10-May-2021;North;2021;Q2;1693451.0
351;11-May-2021;North;2021;Q2;348204.0
352;15-May-2021;North;2021;Q2;1603278.0
353;16-May-2021;North;2021;Q2;1342342.0
354;19-May-2021;South;2021;Q2;935490.0
355;19-May-2021;North;2021;Q2;1598325.0
356;26-May-2021;North;2021;Q2;1430846.0
357;27-May-2021;North;2021;Q2;214411.0
358;28-May-2021;North;2021;Q2;791424.0
359;30-May-2021;South;2021;Q2;394061.0
360;1-Jun-2021;North;2021;Q2;272760.0
361;3-Jun-2021;North;2021;Q2;1639657.0
362;3-Jun-2021;South;2021;Q2;577852.0
363;4-Jun-2021;South;2021;Q2;597433.0
364;4-Jun-2021;South;2021;Q2;264551.0
365;4-Jun-2021;South;2021;Q2;1324711.0
366;6-Jun-2021;South;2021;Q2;554702.0
367;11-Jun-2021;West;2021;Q2;208368.0
368;14-Jun-2021;South;2021;Q2;1816220.0
369;14-Jun-2021;South;2021;Q2;1746236.0
370;15-Jun-2021;South;2021;Q2;1683489.0
371;17-Jun-2021;South;2021;Q2;591696.0
372;17-Jun-2021;South;2021;Q2;1908492.0
373;20-Jun-2021;South;2021;Q2;1649849.0
374;20-Jun-2021;South;2021;Q2;1081699.0
375;20-Jun-2021;West;2021;Q2;680075.0
376;21-Jun-2021;South;2021;Q2;1957975.0
377;21-Jun-2021;West;2021;Q2;969416.0
378;24-Jun-2021;West;2021;Q2;1203365.0
379;24-Jun-2021;West;2021;Q2;1172620.0
380;26-Jun-2021;West;2021;Q2;1835094.0
381;27-Jun-2021;North;2021;Q2;836312.0
382;2-Jul-2021;West;2021;Q3;263474.0
383;2-Jul-2021;West;2021;Q3;1413232.0
384;3-Jul-2021;West;2021;Q3;919477.0
385;8-Jul-2021;West;2021;Q3;226279.0
386;16-Jul-2021;West;2021;Q3;1295300.0
387;16-Jul-2021;West;2021;Q3;524387.0
388;17-Jul-2021;West;2021;Q3;1508451.0
389;18-Jul-2021;North;2021;Q3;1584122.0
390;19-Jul-2021;West;2021;Q3;184898.0
391;21-Jul-2021;West;2021;Q3;1979686.0
392;21-Jul-2021;West;2021;Q3;453584.0
393;22-Jul-2021;West;2021;Q3;1635219.0
394;28-Jul-2021;West;2021;Q3;547110.0
395;29-Jul-2021;West;2021;Q3;934991.0
396;1-Aug-2021;West;2021;Q3;1527508.0
397;1-Aug-2021;West;2021;Q3;639256.0
398;6-Aug-2021;North;2021;Q3;142216.0
399;7-Aug-2021;West;2021;Q3;738240.0
400;8-Aug-2021;North;2021;Q3;706781.0
401;9-Aug-2021;South;2021;Q3;458322.0
402;10-Aug-2021;South;2021;Q3;1391712.0
403;10-Aug-2021;South;2021;Q3;692970.0
404;10-Aug-2021;South;2021;Q3;
405;11-Aug-2021;West;2021;Q3;1365868.0
406;11-Aug-2021;South;2021;Q3;1286518.0
407;13-Aug-2021;South;2021;Q3;1716666.0
408;14-Aug-2021;South;2021;Q3;814289.0
409;14-Aug-2021;East;2021;Q3;1030173.0
410;15-Aug-2021;East;2021;Q3;1380984.0
411;16-Aug-2021;South;2021;Q3;154041.0
412;18-Aug-2021;West;2021;Q3;1663102.0
413;20-Aug-2021;South;2021;Q3;375259.0
414;21-Aug-2021;West;2021;Q3;278132.0
415;23-Aug-2021;South;2021;Q3;269577.0
416;24-Aug-2021;West;2021;Q3;1321245.0
417;24-Aug-2021;South;2021;Q3;1615558.0
418;24-Aug-2021;West;2021;Q3;310439.0
419;28-Aug-2021;East;2021;Q3;1497241.0
420;31-Aug-2021;East;2021;Q3;556276.0
421;3-Sep-2021;East;2021;Q3;1532238.0
422;4-Sep-2021;East;2021;Q3;420324.0
423;5-Sep-2021;East;2021;Q3;532194.0
424;5-Sep-2021;East;2021;Q3;1757686.0
425;7-Sep-2021;East;2021;Q3;1557016.0
426;7-Sep-2021;North;2021;Q3;531649.0
427;15-Sep-2021;North;2021;Q3;175455.0
428;15-Sep-2021;North;2021;Q3;1100820.0
429;17-Sep-2021;North;2021;Q3;1655034.0
430;18-Sep-2021;North;2021;Q3;1187393.0
431;21-Sep-2021;North;2021;Q3;762023.0
432;22-Sep-2021;North;2021;Q3;1132099.0
433;24-Sep-2021;North;2021;Q3;492619.0
434;25-Sep-2021;North;2021;Q3;415572.0
435;3-Oct-2021;East;2021;Q4;1624960.0
436;6-Oct-2021;East;2021;Q4;1706175.0
437;9-Oct-2021;East;2021;Q4;1863812.0
438;11-Oct-2021;East;2021;Q4;1305768.0
439;15-Oct-2021;East;2021;Q4;693940.0
440;15-Oct-2021;East;2021;Q4;1456477.0
441;15-Oct-2021;East;2021;Q4;677163.0
442;16-Oct-2021;North;2021;Q4;192766.0
443;16-Oct-2021;East;2021;Q4;1501306.0
444;18-Oct-2021;East;2021;Q4;728012.0
445;22-Oct-2021;East;2021;Q4;154888.0
446;23-Oct-2021;North;2021;Q4;319150.0
447;24-Oct-2021;North;2021;Q4;1785872.0
448;28-Oct-2021;North;2021;Q4;491015.0
449;28-Oct-2021;North;2021;Q4;679174.0
450;29-Oct-2021;North;2021;Q4;831388.0
451;2-Nov-2021;North;2021;Q4;1301370.0
452;4-Nov-2021;North;2021;Q4;956612.0
453;5-Nov-2021;North;2021;Q4;1566826.0
454;6-Nov-2021;North;2021;Q4;1871003.0
455;8-Nov-2021;East;2021;Q4;1538943.0
456;9-Nov-2021;North;2021;Q4;149317.0
457;11-Nov-2021;North;2021;Q4;1835071.0
458;12-Nov-2021;North;2021;Q4;428155.0
459;13-Nov-2021;West;2021;Q4;1479869.0
460;14-Nov-2021;West;2021;Q4;455008.0
461;15-Nov-2021;East;2021;Q4;857548.0
462;18-Nov-2021;East;2021;Q4;1698152.0
463;20-Nov-2021;East;2021;Q4;1538034.0
464;22-Nov-2021;East;2021;Q4;431646.0
465;23-Nov-2021;West;2021;Q4;1613353.0
466;23-Nov-2021;East;2021;Q4;1891735.0
467;24-Nov-2021;North;2021;Q4;1287970.0
468;25-Nov-2021;West;2021;Q4;172298.0
469;26-Nov-2021;West;2021;Q4;140917.0
470;29-Nov-2021;West;2021;Q4;651020.0
471;29-Nov-2021;West;2021;Q4;1707982.0
472;8-Dec-2021;West;2021;Q4;1093090.0
473;9-Dec-2021;West;2021;Q4;768195.0
474;10-Dec-2021;West;2021;Q4;753790.0
475;14-Dec-2021;West;2021;Q4;597968.0
476;14-Dec-2021;North;2021;Q4;1975800.0
477;18-Dec-2021;West;2021;Q4;401833.0
478;20-Dec-2021;South;2021;Q4;484032.0
479;20-Dec-2021;East;2021;Q4;997894.0
480;22-Dec-2021;West;2021;Q4;1797272.0
481;24-Dec-2021;East;2021;Q4;653332.0
482;24-Dec-2021;East;2021;Q4;172372.0
483;26-Dec-2021;West;2021;Q4;1152230.0
484;28-Dec-2021;West;2021;Q4;202460.0
485;29-Dec-2021;West;2021;Q4;1248770.0
486;4-Jan-2022;North;2022;Q1;890440.0
487;4-Jan-2022;South;2022;Q1;699946.0
488;12-Jan-2022;East;2022;Q1;231825.0
489;12-Jan-2022;East;2022;Q1;1345108.0
490;12-Jan-2022;North;2022;Q1;208248.0
491;14-Jan-2022;West;2022;Q1;1368251.0
492;15-Jan-2022;South;2022;Q1;1766857.0
493;16-Jan-2022;South;2022;Q1;362392.0
494;18-Jan-2022;East;2022;Q1;1376384.0
495;18-Jan-2022;West;2022;Q1;303946.0
496;21-Jan-2022;South;2022;Q1;1446936.0
497;21-Jan-2022;East;2022;Q1;1693881.0
498;27-Jan-2022;South;2022;Q1;1162971.0
499;28-Jan-2022;East;2022;Q1;332072.0
500;28-Jan-2022;West;2022;Q1;1509100.0
501;29-Jan-2022;South;2022;Q1;1816733.0
502;30-Jan-2022;North;2022;Q1;1904892.0
503;30-Jan-2022;North;2022;Q1;1844904.0
504;31-Jan-2022;North;2022;Q1;769203.0
505;31-Jan-2022;East;2022;Q1;1451234.0
506;1-Feb-2022;South;2022;Q1;548582.0
507;2-Feb-2022;North;2022;Q1;560067.0
508;2-Feb-2022;South;2022;Q1;1379309.0
509;5-Feb-2022;East;2022;Q1;342741.0
510;6-Feb-2022;South;2022;Q1;681756.0
511;7-Feb-2022;East;2022;Q1;619416.0
512;10-Feb-2022;South;2022;Q1;1229004.0
513;10-Feb-2022;South;2022;Q1;1025294.0
514;10-Feb-2022;North;2022;Q1;485770.0
515;11-Feb-2022;South;2022;Q1;540529.0
516;13-Feb-2022;East;2022;Q1;1020997.0
517;13-Feb-2022;South;2022;Q1;991075.0
518;14-Feb-2022;West;2022;Q1;1909906.0
519;15-Feb-2022;West;2022;Q1;867097.0
520;17-Feb-2022;South;2022;Q1;1403980.0
521;20-Feb-2022;East;2022;Q1;1528172.0
522;21-Feb-2022;North;2022;Q1;619639.0
523;21-Feb-2022;North;2022;Q1;621829.0
524;21-Feb-2022;North;2022;Q1;774735.0
525;21-Feb-2022;South;2022;Q1;849848.0
526;21-Feb-2022;East;2022;Q1;1322622.0
527;21-Feb-2022;West;2022;Q1;1192453.0
528;22-Feb-2022;South;2022;Q1;740388.0
529;24-Feb-2022;North;2022;Q1;741779.0
530;25-Feb-2022;South;2022;Q1;1882278.0
531;2-Mar-2022;East;2022;Q1;1599567.0
532;2-Mar-2022;West;2022;Q1;163305.0
533;2-Mar-2022;South;2022;Q1;1002596.0
534;4-Mar-2022;East;2022;Q1;1190683.0
535;5-Mar-2022;South;2022;Q1;1051637.0
536;6-Mar-2022;West;2022;Q1;264522.0
537;7-Mar-2022;South;2022;Q1;412015.0
538;7-Mar-2022;North;2022;Q1;1614571.0
539;8-Mar-2022;East;2022;Q1;254514.0
540;9-Mar-2022;South;2022;Q1;1444944.0
541;9-Mar-2022;South;2022;Q1;216677.0
542;10-Mar-2022;East;2022;Q1;792194.0
543;12-Mar-2022;South;2022;Q1;1068878.0
544;14-Mar-2022;East;2022;Q1;1045898.0
545;15-Mar-2022;North;2022;Q1;488346.0
546;16-Mar-2022;South;2022;Q1;1931891.0
547;17-Mar-2022;East;2022;Q1;365633.0
548;17-Mar-2022;North;2022;Q1;1960330.0
549;18-Mar-2022;West;2022;Q1;1549591.0
550;20-Mar-2022;South;2022;Q1;1396686.0
551;21-Mar-2022;East;2022;Q1;598158.0
552;23-Mar-2022;East;2022;Q1;1128891.0
553;23-Mar-2022;North;2022;Q1;1831381.0
554;24-Mar-2022;West;2022;Q1;974375.0
555;25-Mar-2022;South;2022;Q1;187578.0
556;27-Mar-2022;South;2022;Q1;1671909.0
557;28-Mar-2022;East;2022;Q1;1049303.0
558;29-Mar-2022;West;2022;Q1;255056.0
559;30-Mar-2022;South;2022;Q1;1013527.0
560;30-Mar-2022;East;2022;Q1;1409749.0
561;3-Apr-2022;South;2022;Q1;613870.0
562;4-Apr-2022;East;2022;Q1;1733091.0
563;4-Apr-2022;West;2022;Q1;350793.0
564;5-Apr-2022;South;2022;Q1;861955.0
565;7-Apr-2022;North;2022;Q1;1713238.0
566;11-Apr-2022;North;2022;Q1;1219629.0
567;11-Apr-2022;North;2022;Q1;1489196.0
568;12-Apr-2022;East;2022;Q1;1567746.0
569;14-Apr-2022;South;2022;Q1;1485483.0
570;20-Apr-2022;North;2022;Q1;1210891.0
571;21-Apr-2022;South;2022;Q1;1939148.0
572;21-Apr-2022;East;2022;Q1;1263558.0
573;23-Apr-2022;South;2022;Q1;633445.0
574;24-Apr-2022;East;2022;Q1;1293856.0
575;28-Apr-2022;South;2022;Q1;1794560.0
576;30-Apr-2022;South;2022;Q1;530477.0
577;30-Apr-2022;North;2022;Q1;1482817.0
578;4-May-2022;South;2022;Q2;543637.0
579;4-May-2022;East;2022;Q2;793983.0
580;6-May-2022;South;2022;Q2;1736583.0
581;7-May-2022;West;2022;Q2;1366036.0
582;10-May-2022;West;2022;Q2;1695853.0
583;11-May-2022;South;2022;Q2;499256.0
584;12-May-2022;East;2022;Q2;1559663.0
585;12-May-2022;North;2022;Q2;1038488.0
586;16-May-2022;North;2022;Q2;630073.0
587;17-May-2022;North;2022;Q2;1243853.0
588;17-May-2022;South;2022;Q2;717738.0
589;17-May-2022;East;2022;Q2;1886401.0
590;17-May-2022;West;2022;Q2;381940.0
591;18-May-2022;South;2022;Q2;1922753.0
592;20-May-2022;North;2022;Q2;766953.0
593;21-May-2022;South;2022;Q2;1436558.0
594;22-May-2022;East;2022;Q2;359238.0
595;24-May-2022;West;2022;Q2;935260.0
596;24-May-2022;South;2022;Q2;1170290.0
597;26-May-2022;East;2022;Q2;1399111.0
598;27-May-2022;South;2022;Q2;1246102.0
599;27-May-2022;West;2022;Q2;1349313.0
600;28-May-2022;South;2022;Q2;1216686.0
601;29-May-2022;North;2022;Q2;1613825.0
602;29-May-2022;East;2022;Q2;553592.0
603;30-May-2022;South;2022;Q2;1151530.0
604;30-May-2022;South;2022;Q2;1505763.0
605;1-Jun-2022;East;2022;Q2;1654795.0
606;2-Jun-2022;South;2022;Q2;145397.0
607;3-Jun-2022;East;2022;Q2;162687.0
608;5-Jun-2022;North;2022;Q2;1015528.0
609;8-Jun-2022;South;2022;Q2;1695801.0
610;9-Jun-2022;East;2022;Q2;1493683.0
611;9-Jun-2022;North;2022;Q2;299988.0
612;9-Jun-2022;West;2022;Q2;633604.0
613;12-Jun-2022;South;2022;Q2;986904.0
614;13-Jun-2022;East;2022;Q2;1721416.0
615;14-Jun-2022;East;2022;Q2;768191.0
616;14-Jun-2022;North;2022;Q2;1678538.0
617;15-Jun-2022;West;2022;Q2;1482479.0
618;17-Jun-2022;South;2022;Q2;1360610.0
619;18-Jun-2022;South;2022;Q2;1327948.0
620;21-Jun-2022;East;2022;Q2;470519.0
621;22-Jun-2022;West;2022;Q2;1614083.0
622;23-Jun-2022;South;2022;Q2;1545186.0
623;23-Jun-2022;East;2022;Q2;443420.0
624;27-Jun-2022;South;2022;Q2;1517230.0
625;27-Jun-2022;East;2022;Q2;1051248.0
626;28-Jun-2022;West;2022;Q2;873882.0
627;29-Jun-2022;South;2022;Q2;754301.0
628;2-Jul-2022;North;2022;Q3;369331.0
629;4-Jul-2022;North;2022;Q3;1998763.0
630;4-Jul-2022;North;2022;Q3;1183220.0
631;8-Jul-2022;East;2022;Q3;798923.0
632;9-Jul-2022;South;2022;Q3;747931.0
633;9-Jul-2022;North;2022;Q3;936508.0
634;9-Jul-2022;South;2022;Q3;580939.0
635;9-Jul-2022;East;2022;Q3;1156733.0
636;9-Jul-2022;South;2022;Q3;648732.0
637;12-Jul-2022;East;2022;Q3;1929643.0
638;13-Jul-2022;South;2022;Q3;1967857.0
639;15-Jul-2022;South;2022;Q3;259975.0
640;16-Jul-2022;North;2022;Q3;1374309.0
641;16-Jul-2022;South;2022;Q3;1430419.0
642;19-Jul-2022;East;2022;Q3;1648652.0
643;25-Jul-2022;South;2022;Q3;608773.0
644;25-Jul-2022;West;2022;Q3;1752206.0
645;26-Jul-2022;West;2022;Q3;678100.0
646;31-Jul-2022;South;2022;Q3;1681097.0
647;1-Aug-2022;East;2022;Q3;615129.0
648;1-Aug-2022;North;2022;Q3;1982446.0
649;2-Aug-2022;North;2022;Q3;1953112.0
650;2-Aug-2022;North;2022;Q3;1334216.0
651;5-Aug-2022;South;2022;Q3;923297.0
652;5-Aug-2022;East;2022;Q3;1060035.0
653;5-Aug-2022;West;2022;Q3;1213464.0
654;6-Aug-2022;South;2022;Q3;1441704.0
655;10-Aug-2022;North;2022;Q3;509308.0
656;10-Aug-2022;South;2022;Q3;795151.0
657;11-Aug-2022;East;2022;Q3;970001.0
658;13-Aug-2022;West;2022;Q3;1323102.0
659;14-Aug-2022;South;2022;Q3;1719288.0
660;15-Aug-2022;East;2022;Q3;545305.0
661;15-Aug-2022;South;2022;Q3;1100065.0
662;17-Aug-2022;West;2022;Q3;1178486.0
663;23-Aug-2022;South;2022;Q3;725587.0
664;23-Aug-2022;North;2022;Q3;1682112.0
665;24-Aug-2022;East;2022;Q3;1283815.0
666;26-Aug-2022;South;2022;Q3;1728548.0
667;29-Aug-2022;South;2022;Q3;1184509.0
668;31-Aug-2022;East;2022;Q3;1403679.0
669;1-Sep-2022;South;2022;Q3;1182590.0
670;2-Sep-2022;East;2022;Q3;218240.0
671;7-Sep-2022;North;2022;Q3;1793709.0
672;11-Sep-2022;South;2022;Q3;881630.0
673;12-Sep-2022;East;2022;Q3;1579357.0
674;12-Sep-2022;North;2022;Q3;1881690.0
675;12-Sep-2022;West;2022;Q3;425145.0
676;12-Sep-2022;South;2022;Q3;170272.0
677;13-Sep-2022;East;2022;Q3;1340840.0
678;15-Sep-2022;East;2022;Q3;1731924.0
679;15-Sep-2022;North;2022;Q3;1030957.0
680;16-Sep-2022;West;2022;Q3;247066.0
681;18-Sep-2022;South;2022;Q3;250567.0
682;20-Sep-2022;South;2022;Q3;1186037.0
683;21-Sep-2022;East;2022;Q3;1537340.0
684;28-Sep-2022;West;2022;Q3;552073.0
685;29-Sep-2022;South;2022;Q3;686369.0
686;30-Sep-2022;East;2022;Q3;953560.0
687;1-Oct-2022;South;2022;Q4;1135057.0
688;2-Oct-2022;East;2022;Q4;774526.0
689;2-Oct-2022;West;2022;Q4;1015942.0
690;2-Oct-2022;South;2022;Q4;1993520.0
691;4-Oct-2022;North;2022;Q4;259226.0
692;5-Oct-2022;North;2022;Q4;500000.0
693;6-Oct-2022;North;2022;Q4;480000.0
694;6-Oct-2022;East;2022;Q4;1323102.0
695;7-Oct-2022;South;2022;Q4;1719288.0
696;7-Oct-2022;North;2022;Q4;545305.0
697;8-Oct-2022;South;2022;Q4;1100065.0
698;9-Oct-2022;East;2022;Q4;1178486.0
699;11-Oct-2022;South;2022;Q4;725587.0
700;11-Oct-2022;East;2022;Q4;1682112.0
701;13-Oct-2022;South;2022;Q4;1283815.0
702;13-Oct-2022;South;2022;Q4;1728548.0
703;15-Oct-2022;North;2022;Q4;1184509.0
704;15-Oct-2022;South;2022;Q4;1403679.0
705;19-Oct-2022;East;2022;Q4;1182590.0
706;20-Oct-2022;South;2022;Q4;789000.0
707;23-Oct-2022;West;2022;Q4;302000.0
708;24-Oct-2022;West;2022;Q4;102000.0
709;25-Oct-2022;South;2022;Q4;50000.0
710;27-Oct-2022;East;2022;Q4;720000.0
711;27-Oct-2022;North;2022;Q4;70000.0
712;29-Oct-2022;North;2022;Q4;50500.0
713;30-Oct-2022;North;2022;Q4;63900.0
